"CardNames","CardCount","DeckCount","WinCount","MatchCount","WinrateAverage","Winrate95Min","Winrate95Max","Archetypes","URL","Artists","Colors","CMC","Types","FirstSet","CardCountOutTotalCards","DeckCountOutTotalDecks","AverageCopies"
"Brotherhood's End",44,25,107,150,71.3,63.4,78.4," 1 Gruul Aggro 
 1 Izzet Control 
 1 Izzet Creativity 
 3 Izzet Gearhulk Opus 
 19 Phoenix 
"," https://www.mtgo.com/en/mtgo/decklist/pioneer-challenge-2023-01-2112512384#deck_boytriton 
 https://www.mtgo.com/en/mtgo/decklist/pioneer-challenge-2023-01-2212512389#deck_alemilan19 
 https://www.mtgo.com/en/mtgo/decklist/pioneer-challenge-2023-01-2212512389#deck_Bullwinkkle6705 
 https://www.mtgo.com/en/mtgo/decklist/pioneer-challenge-2023-01-2812515843#deck_TheCoddler 
 https://www.mtgo.com/en/mtgo/decklist/pioneer-challenge-2023-01-2812515843#deck_Gul_Dukat 
 https://www.mtgo.com/en/mtgo/decklist/pioneer-challenge-2023-01-2812515843#deck_levunga21 
 https://www.mtgo.com/en/mtgo/decklist/pioneer-challenge-2023-01-2912515848#deck_levunga21 
 https://www.mtgo.com/en/mtgo/decklist/pioneer-challenge-2023-01-2912515848#deck_Sanchez5272 
 https://www.mtgo.com/en/mtgo/decklist/pioneer-challenge-2023-02-0412517112#deck_O_danielakos 
 https://www.mtgo.com/en/mtgo/decklist/pioneer-challenge-2023-02-0412517112#deck_TheCoddler 
 https://www.mtgo.com/en/mtgo/decklist/pioneer-challenge-2023-02-0412517112#deck_TrueHero 
 https://www.mtgo.com/en/mtgo/decklist/pioneer-challenge-2023-02-0512517118#deck_dust01 
 https://www.mtgo.com/en/mtgo/decklist/pioneer-challenge-2023-02-0512517118#deck_boytriton 
 https://www.mtgo.com/en/mtgo/decklist/pioneer-challenge-2023-02-0512517118#deck_cftsoc3 
 https://www.mtgo.com/en/mtgo/decklist/pioneer-challenge-2023-02-0512517118#deck_O_danielakos 
 https://www.mtgo.com/en/mtgo/decklist/pioneer-preliminary-2023-01-0912508256#deck__Stream 
 https://www.mtgo.com/en/mtgo/decklist/pioneer-preliminary-2023-01-1212509940#deck__Stream 
 https://www.mtgo.com/en/mtgo/decklist/pioneer-preliminary-2023-01-1312509947#deck_boytriton 
 https://www.mtgo.com/en/mtgo/decklist/pioneer-preliminary-2023-01-1312509947#deck_ajollygoblin 
 https://www.mtgo.com/en/mtgo/decklist/pioneer-preliminary-2023-01-1912512366#deck_Boland 
 https://www.mtgo.com/en/mtgo/decklist/pioneer-preliminary-2023-01-2012512373#deck_boytriton 
 https://www.mtgo.com/en/mtgo/decklist/pioneer-preliminary-2023-01-2712515806#deck_boytriton 
 https://www.mtgo.com/en/mtgo/decklist/pioneer-preliminary-2023-01-3112515824#deck_boytriton 
 https://www.mtgo.com/en/mtgo/decklist/pioneer-preliminary-2023-01-3112515824#deck_Gul_Dukat 
 https://www.mtgo.com/en/mtgo/decklist/pioneer-preliminary-2023-02-0212517087#deck_Scacco Malto 
","Bryan Sola","R",3,"Sorcery","BRO",0.6,5.3,1.8
"Cityscape Leveler",61,61,255,355,71.8,66.8,76.5," 60 Devotion Walkers 
 1 Gruul Stompy 
"," https://www.mtgo.com/en/mtgo/decklist/pioneer-challenge-2023-01-1412509957#deck_ls149950 
 https://www.mtgo.com/en/mtgo/decklist/pioneer-challenge-2023-01-1412509957#deck_Aelyck 
 https://www.mtgo.com/en/mtgo/decklist/pioneer-challenge-2023-01-1412509957#deck_DaddyJinzo420 
 https://www.mtgo.com/en/mtgo/decklist/pioneer-challenge-2023-01-1412509957#deck_Breckoroni 
 https://www.mtgo.com/en/mtgo/decklist/pioneer-challenge-2023-01-1412509957#deck_atarka711 
 https://www.mtgo.com/en/mtgo/decklist/pioneer-challenge-2023-01-1512509962#deck_The_Great_Slob 
 https://www.mtgo.com/en/mtgo/decklist/pioneer-challenge-2023-01-1512509962#deck_ls149950 
 https://www.mtgo.com/en/mtgo/decklist/pioneer-challenge-2023-01-1512509962#deck_Dritte 
 https://www.mtgo.com/en/mtgo/decklist/pioneer-challenge-2023-01-1512509962#deck__GGN_ 
 https://www.mtgo.com/en/mtgo/decklist/pioneer-challenge-2023-01-2112512384#deck_Breckoroni 
 https://www.mtgo.com/en/mtgo/decklist/pioneer-challenge-2023-01-2112512384#deck_azax 
 https://www.mtgo.com/en/mtgo/decklist/pioneer-challenge-2023-01-2212512389#deck_ls149950 
 https://www.mtgo.com/en/mtgo/decklist/pioneer-challenge-2023-01-2212512389#deck_The_Great_Slob 
 https://www.mtgo.com/en/mtgo/decklist/pioneer-challenge-2023-01-2812515843#deck_Chub_Toad_ 
 https://www.mtgo.com/en/mtgo/decklist/pioneer-challenge-2023-01-2812515843#deck_ls149950 
 https://www.mtgo.com/en/mtgo/decklist/pioneer-challenge-2023-01-2812515843#deck_DillanR 
 https://www.mtgo.com/en/mtgo/decklist/pioneer-challenge-2023-01-2812515843#deck__Batutinha_ 
 https://www.mtgo.com/en/mtgo/decklist/pioneer-challenge-2023-01-2812515843#deck_IslandGoSAMe 
 https://www.mtgo.com/en/mtgo/decklist/pioneer-challenge-2023-01-2812515843#deck_Brunninho 
 https://www.mtgo.com/en/mtgo/decklist/pioneer-challenge-2023-01-2912515848#deck_Do0mSwitch 
 https://www.mtgo.com/en/mtgo/decklist/pioneer-challenge-2023-01-2912515848#deck_Jaraoh 
 https://www.mtgo.com/en/mtgo/decklist/pioneer-challenge-2023-01-2912515848#deck_rastaf 
 https://www.mtgo.com/en/mtgo/decklist/pioneer-challenge-2023-02-0412517112#deck_Arianne 
 https://www.mtgo.com/en/mtgo/decklist/pioneer-challenge-2023-02-0412517112#deck_Brunninho 
 https://www.mtgo.com/en/mtgo/decklist/pioneer-challenge-2023-02-0412517112#deck_VictorCarvalho01 
 https://www.mtgo.com/en/mtgo/decklist/pioneer-challenge-2023-02-0412517112#deck_kthanakit26 
 https://www.mtgo.com/en/mtgo/decklist/pioneer-challenge-2023-02-0512517118#deck_Arianne 
 https://www.mtgo.com/en/mtgo/decklist/pioneer-challenge-2023-02-0512517118#deck_The_Great_Slob 
 https://www.mtgo.com/en/mtgo/decklist/pioneer-challenge-2023-02-0512517118#deck_quinniac 
 https://www.mtgo.com/en/mtgo/decklist/pioneer-challenge-2023-02-0512517118#deck_Dai66s 
 https://www.mtgo.com/en/mtgo/decklist/pioneer-challenge-2023-02-0512517118#deck_TomBombadi1 
 https://www.mtgo.com/en/mtgo/decklist/pioneer-challenge-2023-02-0512517118#deck_JackSparr0w 
 https://www.mtgo.com/en/mtgo/decklist/pioneer-preliminary-2023-01-0912508256#deck_Slasher21 
 https://www.mtgo.com/en/mtgo/decklist/pioneer-preliminary-2023-01-0912508256#deck_TuesdayTheThird 
 https://www.mtgo.com/en/mtgo/decklist/pioneer-preliminary-2023-01-1012508259#deck_darg24 
 https://www.mtgo.com/en/mtgo/decklist/pioneer-preliminary-2023-01-1012508262#deck_azax 
 https://www.mtgo.com/en/mtgo/decklist/pioneer-preliminary-2023-01-1012508262#deck_darg24 
 https://www.mtgo.com/en/mtgo/decklist/pioneer-preliminary-2023-01-1112509928#deck_Promidnightz 
 https://www.mtgo.com/en/mtgo/decklist/pioneer-preliminary-2023-01-1112509928#deck_azax 
 https://www.mtgo.com/en/mtgo/decklist/pioneer-preliminary-2023-01-1212509933#deck_ls149950 
 https://www.mtgo.com/en/mtgo/decklist/pioneer-preliminary-2023-01-1312509947#deck_azax 
 https://www.mtgo.com/en/mtgo/decklist/pioneer-preliminary-2023-01-1612509974#deck_PapiGoHard 
 https://www.mtgo.com/en/mtgo/decklist/pioneer-preliminary-2023-01-1712509977#deck_kokoko098 
 https://www.mtgo.com/en/mtgo/decklist/pioneer-preliminary-2023-01-1712509977#deck_ls149950 
 https://www.mtgo.com/en/mtgo/decklist/pioneer-preliminary-2023-01-1812512354#deck_darg24 
 https://www.mtgo.com/en/mtgo/decklist/pioneer-preliminary-2023-01-2012512373#deck_JV_7777 
 https://www.mtgo.com/en/mtgo/decklist/pioneer-preliminary-2023-01-2312512402#deck_azax 
 https://www.mtgo.com/en/mtgo/decklist/pioneer-preliminary-2023-01-2312512402#deck_kokoko098 
 https://www.mtgo.com/en/mtgo/decklist/pioneer-preliminary-2023-01-2312512402#deck_Ryan_39 
 https://www.mtgo.com/en/mtgo/decklist/pioneer-preliminary-2023-01-2412512405#deck_darg24 
 https://www.mtgo.com/en/mtgo/decklist/pioneer-preliminary-2023-01-2412512405#deck_JV_7777 
 https://www.mtgo.com/en/mtgo/decklist/pioneer-preliminary-2023-01-2412512408#deck_McWinSauce 
 https://www.mtgo.com/en/mtgo/decklist/pioneer-preliminary-2023-01-2512512414#deck_azax 
 https://www.mtgo.com/en/mtgo/decklist/pioneer-preliminary-2023-01-2612512419#deck_JV_7777 
 https://www.mtgo.com/en/mtgo/decklist/pioneer-preliminary-2023-01-2712515806#deck_JV_7777 
 https://www.mtgo.com/en/mtgo/decklist/pioneer-preliminary-2023-01-3112515824#deck_Promidnightz 
 https://www.mtgo.com/en/mtgo/decklist/pioneer-preliminary-2023-01-3112515824#deck_MtGdAd2014 
 https://www.mtgo.com/en/mtgo/decklist/pioneer-preliminary-2023-02-0112517081#deck_TombSimon 
 https://www.mtgo.com/en/mtgo/decklist/pioneer-preliminary-2023-02-0212517087#deck_JV_7777 
 https://www.mtgo.com/en/mtgo/decklist/pioneer-preliminary-2023-02-0312517101#deck_McWinSauce 
 https://www.mtgo.com/en/mtgo/decklist/pioneer-preliminary-2023-02-0312517101#deck_darg24 
","Leon Tukker","",8,"Artifact,Creature","BRO",0.9,13,1
"Haywire Mite",61,61,255,355,71.8,66.8,76.5," 59 Devotion Walkers 
 1 Gruul Aggro 
 1 Gruul Stompy 
"," https://www.mtgo.com/en/mtgo/decklist/pioneer-challenge-2023-01-1412509957#deck_ls149950 
 https://www.mtgo.com/en/mtgo/decklist/pioneer-challenge-2023-01-1412509957#deck_Aelyck 
 https://www.mtgo.com/en/mtgo/decklist/pioneer-challenge-2023-01-1412509957#deck_DaddyJinzo420 
 https://www.mtgo.com/en/mtgo/decklist/pioneer-challenge-2023-01-1412509957#deck_Breckoroni 
 https://www.mtgo.com/en/mtgo/decklist/pioneer-challenge-2023-01-1512509962#deck_The_Great_Slob 
 https://www.mtgo.com/en/mtgo/decklist/pioneer-challenge-2023-01-1512509962#deck_ls149950 
 https://www.mtgo.com/en/mtgo/decklist/pioneer-challenge-2023-01-1512509962#deck_Dritte 
 https://www.mtgo.com/en/mtgo/decklist/pioneer-challenge-2023-01-1512509962#deck__GGN_ 
 https://www.mtgo.com/en/mtgo/decklist/pioneer-challenge-2023-01-2112512384#deck_Breckoroni 
 https://www.mtgo.com/en/mtgo/decklist/pioneer-challenge-2023-01-2112512384#deck_azax 
 https://www.mtgo.com/en/mtgo/decklist/pioneer-challenge-2023-01-2212512389#deck_ls149950 
 https://www.mtgo.com/en/mtgo/decklist/pioneer-challenge-2023-01-2212512389#deck_The_Great_Slob 
 https://www.mtgo.com/en/mtgo/decklist/pioneer-challenge-2023-01-2812515843#deck_Chub_Toad_ 
 https://www.mtgo.com/en/mtgo/decklist/pioneer-challenge-2023-01-2812515843#deck_ls149950 
 https://www.mtgo.com/en/mtgo/decklist/pioneer-challenge-2023-01-2812515843#deck_DillanR 
 https://www.mtgo.com/en/mtgo/decklist/pioneer-challenge-2023-01-2812515843#deck__Batutinha_ 
 https://www.mtgo.com/en/mtgo/decklist/pioneer-challenge-2023-01-2812515843#deck_IslandGoSAMe 
 https://www.mtgo.com/en/mtgo/decklist/pioneer-challenge-2023-01-2812515843#deck_Brunninho 
 https://www.mtgo.com/en/mtgo/decklist/pioneer-challenge-2023-01-2912515848#deck_Do0mSwitch 
 https://www.mtgo.com/en/mtgo/decklist/pioneer-challenge-2023-01-2912515848#deck_Jaraoh 
 https://www.mtgo.com/en/mtgo/decklist/pioneer-challenge-2023-01-2912515848#deck_rastaf 
 https://www.mtgo.com/en/mtgo/decklist/pioneer-challenge-2023-01-2912515848#deck_Sanchez5272 
 https://www.mtgo.com/en/mtgo/decklist/pioneer-challenge-2023-02-0412517112#deck_Arianne 
 https://www.mtgo.com/en/mtgo/decklist/pioneer-challenge-2023-02-0412517112#deck_Brunninho 
 https://www.mtgo.com/en/mtgo/decklist/pioneer-challenge-2023-02-0412517112#deck_VictorCarvalho01 
 https://www.mtgo.com/en/mtgo/decklist/pioneer-challenge-2023-02-0412517112#deck_kthanakit26 
 https://www.mtgo.com/en/mtgo/decklist/pioneer-challenge-2023-02-0512517118#deck_Arianne 
 https://www.mtgo.com/en/mtgo/decklist/pioneer-challenge-2023-02-0512517118#deck_The_Great_Slob 
 https://www.mtgo.com/en/mtgo/decklist/pioneer-challenge-2023-02-0512517118#deck_quinniac 
 https://www.mtgo.com/en/mtgo/decklist/pioneer-challenge-2023-02-0512517118#deck_Dai66s 
 https://www.mtgo.com/en/mtgo/decklist/pioneer-challenge-2023-02-0512517118#deck_TomBombadi1 
 https://www.mtgo.com/en/mtgo/decklist/pioneer-challenge-2023-02-0512517118#deck_JackSparr0w 
 https://www.mtgo.com/en/mtgo/decklist/pioneer-preliminary-2023-01-0912508256#deck_Slasher21 
 https://www.mtgo.com/en/mtgo/decklist/pioneer-preliminary-2023-01-0912508256#deck_TuesdayTheThird 
 https://www.mtgo.com/en/mtgo/decklist/pioneer-preliminary-2023-01-1012508259#deck_darg24 
 https://www.mtgo.com/en/mtgo/decklist/pioneer-preliminary-2023-01-1012508262#deck_azax 
 https://www.mtgo.com/en/mtgo/decklist/pioneer-preliminary-2023-01-1012508262#deck_darg24 
 https://www.mtgo.com/en/mtgo/decklist/pioneer-preliminary-2023-01-1112509928#deck_Promidnightz 
 https://www.mtgo.com/en/mtgo/decklist/pioneer-preliminary-2023-01-1112509928#deck_azax 
 https://www.mtgo.com/en/mtgo/decklist/pioneer-preliminary-2023-01-1212509933#deck_ls149950 
 https://www.mtgo.com/en/mtgo/decklist/pioneer-preliminary-2023-01-1312509947#deck_azax 
 https://www.mtgo.com/en/mtgo/decklist/pioneer-preliminary-2023-01-1612509974#deck_PapiGoHard 
 https://www.mtgo.com/en/mtgo/decklist/pioneer-preliminary-2023-01-1712509977#deck_kokoko098 
 https://www.mtgo.com/en/mtgo/decklist/pioneer-preliminary-2023-01-1712509977#deck_ls149950 
 https://www.mtgo.com/en/mtgo/decklist/pioneer-preliminary-2023-01-1812512354#deck_darg24 
 https://www.mtgo.com/en/mtgo/decklist/pioneer-preliminary-2023-01-2012512373#deck_JV_7777 
 https://www.mtgo.com/en/mtgo/decklist/pioneer-preliminary-2023-01-2312512402#deck_azax 
 https://www.mtgo.com/en/mtgo/decklist/pioneer-preliminary-2023-01-2312512402#deck_kokoko098 
 https://www.mtgo.com/en/mtgo/decklist/pioneer-preliminary-2023-01-2312512402#deck_Ryan_39 
 https://www.mtgo.com/en/mtgo/decklist/pioneer-preliminary-2023-01-2412512405#deck_darg24 
 https://www.mtgo.com/en/mtgo/decklist/pioneer-preliminary-2023-01-2412512405#deck_JV_7777 
 https://www.mtgo.com/en/mtgo/decklist/pioneer-preliminary-2023-01-2412512408#deck_McWinSauce 
 https://www.mtgo.com/en/mtgo/decklist/pioneer-preliminary-2023-01-2512512414#deck_azax 
 https://www.mtgo.com/en/mtgo/decklist/pioneer-preliminary-2023-01-2612512419#deck_JV_7777 
 https://www.mtgo.com/en/mtgo/decklist/pioneer-preliminary-2023-01-2712515806#deck_JV_7777 
 https://www.mtgo.com/en/mtgo/decklist/pioneer-preliminary-2023-01-3112515824#deck_Promidnightz 
 https://www.mtgo.com/en/mtgo/decklist/pioneer-preliminary-2023-01-3112515824#deck_MtGdAd2014 
 https://www.mtgo.com/en/mtgo/decklist/pioneer-preliminary-2023-02-0112517081#deck_TombSimon 
 https://www.mtgo.com/en/mtgo/decklist/pioneer-preliminary-2023-02-0212517087#deck_JV_7777 
 https://www.mtgo.com/en/mtgo/decklist/pioneer-preliminary-2023-02-0312517101#deck_McWinSauce 
 https://www.mtgo.com/en/mtgo/decklist/pioneer-preliminary-2023-02-0312517101#deck_darg24 
","Izzy","",1,"Artifact,Creature","BRO",0.9,13,1
"Lay Down Arms",11,5,21,35,60,42.1,76.1," 5 Mono White Humans 
"," https://www.mtgo.com/en/mtgo/decklist/pioneer-challenge-2023-01-1512509962#deck_UrsaMajor 
 https://www.mtgo.com/en/mtgo/decklist/pioneer-challenge-2023-01-1512509962#deck_MJ_23 
 https://www.mtgo.com/en/mtgo/decklist/pioneer-challenge-2023-01-2112512384#deck_T1_Tinker 
 https://www.mtgo.com/en/mtgo/decklist/pioneer-challenge-2023-01-2112512384#deck__Falcon_ 
 https://www.mtgo.com/en/mtgo/decklist/pioneer-challenge-2023-01-2912515848#deck_UrsaMajor 
","Liiga Smilshkalne","W",1,"Sorcery","BRO",0.2,1.1,2.2
"Loran's Escape",1,1,9,10,90,55.5,99.7," 1 Boros Prowess 
"," https://www.mtgo.com/en/mtgo/decklist/pioneer-challenge-2023-02-0512517118#deck_Hamuda 
","Matt Stewart","W",1,"Instant","BRO",0,0.2,1
"Misery's Shadow",6,5,26,34,76.5,58.8,89.3," 5 Rakdos Midrange 
"," https://www.mtgo.com/en/mtgo/decklist/pioneer-challenge-2023-01-1512509962#deck_ElectricBob 
 https://www.mtgo.com/en/mtgo/decklist/pioneer-challenge-2023-01-2112512384#deck_Tirentu 
 https://www.mtgo.com/en/mtgo/decklist/pioneer-challenge-2023-02-0412517112#deck_jakobpablo 
 https://www.mtgo.com/en/mtgo/decklist/pioneer-preliminary-2023-01-1212509933#deck_7991ociR 
 https://www.mtgo.com/en/mtgo/decklist/pioneer-preliminary-2023-01-1212509940#deck_7991ociR 
","Igor Kieryluk","B",2,"Creature","BRO",0.1,1.1,1.2
"Obliterating Bolt",43,17,69,93,74.2,64.1,82.7," 2 8 Whack 
 3 Enigmatic Incarnation 
 7 Mono Red Aggro 
 5 Phoenix 
"," https://www.mtgo.com/en/mtgo/decklist/pioneer-challenge-2023-01-1512509962#deck_KillerSheep 
 https://www.mtgo.com/en/mtgo/decklist/pioneer-challenge-2023-01-2112512384#deck_boytriton 
 https://www.mtgo.com/en/mtgo/decklist/pioneer-challenge-2023-01-2812515843#deck_Lakaen 
 https://www.mtgo.com/en/mtgo/decklist/pioneer-challenge-2023-01-2912515848#deck_AppleSK1nG_ 
 https://www.mtgo.com/en/mtgo/decklist/pioneer-challenge-2023-02-0512517118#deck_Lord_Beerus 
 https://www.mtgo.com/en/mtgo/decklist/pioneer-challenge-2023-02-0512517118#deck_Dr4ken 
 https://www.mtgo.com/en/mtgo/decklist/pioneer-challenge-2023-02-0512517118#deck_boytriton 
 https://www.mtgo.com/en/mtgo/decklist/pioneer-preliminary-2023-01-1712509980#deck_Lord_Beerus 
 https://www.mtgo.com/en/mtgo/decklist/pioneer-preliminary-2023-01-2012512373#deck_boytriton 
 https://www.mtgo.com/en/mtgo/decklist/pioneer-preliminary-2023-01-2012512373#deck_Lord_Beerus 
 https://www.mtgo.com/en/mtgo/decklist/pioneer-preliminary-2023-01-2412512408#deck_esmyth 
 https://www.mtgo.com/en/mtgo/decklist/pioneer-preliminary-2023-01-2612512419#deck_AppleSK1nG_ 
 https://www.mtgo.com/en/mtgo/decklist/pioneer-preliminary-2023-01-2712515806#deck_boytriton 
 https://www.mtgo.com/en/mtgo/decklist/pioneer-preliminary-2023-01-3112515821#deck_Lord_Beerus 
 https://www.mtgo.com/en/mtgo/decklist/pioneer-preliminary-2023-01-3112515824#deck_boytriton 
 https://www.mtgo.com/en/mtgo/decklist/pioneer-preliminary-2023-01-3112515824#deck_Lord_Beerus 
 https://www.mtgo.com/en/mtgo/decklist/pioneer-preliminary-2023-02-0112517081#deck_AppleSK1nG_ 
","Campbell White","R",2,"Sorcery","BRO",0.6,3.6,2.5
"Portal to Phyrexia",5,4,17,26,65.4,44.3,82.8," 3 Devotion Walkers 
 1 Izzet Gearhulk Opus 
"," https://www.mtgo.com/en/mtgo/decklist/pioneer-challenge-2023-01-2812515843#deck_DillanR 
 https://www.mtgo.com/en/mtgo/decklist/pioneer-challenge-2023-01-2812515843#deck_levunga21 
 https://www.mtgo.com/en/mtgo/decklist/pioneer-challenge-2023-02-0512517118#deck_TomBombadi1 
 https://www.mtgo.com/en/mtgo/decklist/pioneer-preliminary-2023-01-3112515824#deck_MtGdAd2014 
","Svetlin Velinov","",9,"Artifact","BRO",0.1,0.9,1.2
"Rootwire Amalgam",1,1,4,7,57.1,18.4,90.1," 1 Gruul Aggro 
"," https://www.mtgo.com/en/mtgo/decklist/pioneer-challenge-2023-01-2912515848#deck_Sanchez5272 
","Leon Tukker","",5,"Artifact,Creature","BRO",0,0.2,1
"Soul Partition",3,1,3,4,75,19.4,99.4," 1 Selesnya Angels 
"," https://www.mtgo.com/en/mtgo/decklist/pioneer-preliminary-2023-01-1712509977#deck_haruhilmi24 
","Kekai Kotaki","W",2,"Instant","BRO",0,0.2,3
"The Mightstone and Weakstone",40,40,165,229,72.1,65.8,77.8," 39 Devotion Walkers 
 1 Gruul Stompy 
"," https://www.mtgo.com/en/mtgo/decklist/pioneer-challenge-2023-01-1412509957#deck_ls149950 
 https://www.mtgo.com/en/mtgo/decklist/pioneer-challenge-2023-01-1412509957#deck_Breckoroni 
 https://www.mtgo.com/en/mtgo/decklist/pioneer-challenge-2023-01-1512509962#deck_The_Great_Slob 
 https://www.mtgo.com/en/mtgo/decklist/pioneer-challenge-2023-01-1512509962#deck_ls149950 
 https://www.mtgo.com/en/mtgo/decklist/pioneer-challenge-2023-01-1512509962#deck_Dritte 
 https://www.mtgo.com/en/mtgo/decklist/pioneer-challenge-2023-01-1512509962#deck__GGN_ 
 https://www.mtgo.com/en/mtgo/decklist/pioneer-challenge-2023-01-2112512384#deck_Breckoroni 
 https://www.mtgo.com/en/mtgo/decklist/pioneer-challenge-2023-01-2112512384#deck_azax 
 https://www.mtgo.com/en/mtgo/decklist/pioneer-challenge-2023-01-2212512389#deck_ls149950 
 https://www.mtgo.com/en/mtgo/decklist/pioneer-challenge-2023-01-2212512389#deck_The_Great_Slob 
 https://www.mtgo.com/en/mtgo/decklist/pioneer-challenge-2023-01-2812515843#deck_ls149950 
 https://www.mtgo.com/en/mtgo/decklist/pioneer-challenge-2023-01-2812515843#deck_DillanR 
 https://www.mtgo.com/en/mtgo/decklist/pioneer-challenge-2023-01-2812515843#deck_IslandGoSAMe 
 https://www.mtgo.com/en/mtgo/decklist/pioneer-challenge-2023-01-2912515848#deck_Do0mSwitch 
 https://www.mtgo.com/en/mtgo/decklist/pioneer-challenge-2023-01-2912515848#deck_Jaraoh 
 https://www.mtgo.com/en/mtgo/decklist/pioneer-challenge-2023-01-2912515848#deck_rastaf 
 https://www.mtgo.com/en/mtgo/decklist/pioneer-challenge-2023-02-0412517112#deck_kthanakit26 
 https://www.mtgo.com/en/mtgo/decklist/pioneer-challenge-2023-02-0512517118#deck_The_Great_Slob 
 https://www.mtgo.com/en/mtgo/decklist/pioneer-challenge-2023-02-0512517118#deck_quinniac 
 https://www.mtgo.com/en/mtgo/decklist/pioneer-challenge-2023-02-0512517118#deck_TomBombadi1 
 https://www.mtgo.com/en/mtgo/decklist/pioneer-preliminary-2023-01-0912508256#deck_Slasher21 
 https://www.mtgo.com/en/mtgo/decklist/pioneer-preliminary-2023-01-0912508256#deck_TuesdayTheThird 
 https://www.mtgo.com/en/mtgo/decklist/pioneer-preliminary-2023-01-1012508259#deck_darg24 
 https://www.mtgo.com/en/mtgo/decklist/pioneer-preliminary-2023-01-1012508262#deck_azax 
 https://www.mtgo.com/en/mtgo/decklist/pioneer-preliminary-2023-01-1012508262#deck_darg24 
 https://www.mtgo.com/en/mtgo/decklist/pioneer-preliminary-2023-01-1112509928#deck_Promidnightz 
 https://www.mtgo.com/en/mtgo/decklist/pioneer-preliminary-2023-01-1112509928#deck_azax 
 https://www.mtgo.com/en/mtgo/decklist/pioneer-preliminary-2023-01-1212509933#deck_ls149950 
 https://www.mtgo.com/en/mtgo/decklist/pioneer-preliminary-2023-01-1312509947#deck_azax 
 https://www.mtgo.com/en/mtgo/decklist/pioneer-preliminary-2023-01-1612509974#deck_PapiGoHard 
 https://www.mtgo.com/en/mtgo/decklist/pioneer-preliminary-2023-01-1712509977#deck_ls149950 
 https://www.mtgo.com/en/mtgo/decklist/pioneer-preliminary-2023-01-1812512354#deck_darg24 
 https://www.mtgo.com/en/mtgo/decklist/pioneer-preliminary-2023-01-2312512402#deck_azax 
 https://www.mtgo.com/en/mtgo/decklist/pioneer-preliminary-2023-01-2312512402#deck_Ryan_39 
 https://www.mtgo.com/en/mtgo/decklist/pioneer-preliminary-2023-01-2412512405#deck_darg24 
 https://www.mtgo.com/en/mtgo/decklist/pioneer-preliminary-2023-01-2412512408#deck_McWinSauce 
 https://www.mtgo.com/en/mtgo/decklist/pioneer-preliminary-2023-01-2512512414#deck_azax 
 https://www.mtgo.com/en/mtgo/decklist/pioneer-preliminary-2023-01-3112515824#deck_MtGdAd2014 
 https://www.mtgo.com/en/mtgo/decklist/pioneer-preliminary-2023-02-0112517081#deck_TombSimon 
 https://www.mtgo.com/en/mtgo/decklist/pioneer-preliminary-2023-02-0312517101#deck_darg24 
","Ryan Pancoast","",5,"Artifact","BRO",0.6,8.5,1
"The Stone Brain",70,63,263,366,71.9,66.9,76.4," 59 Devotion Walkers 
 1 Gruul Aggro 
 1 Gruul Stompy 
 1 Mono Red Aggro 
 1 Selesnya Angels 
"," https://www.mtgo.com/en/mtgo/decklist/pioneer-challenge-2023-01-1412509957#deck_ls149950 
 https://www.mtgo.com/en/mtgo/decklist/pioneer-challenge-2023-01-1412509957#deck_Aelyck 
 https://www.mtgo.com/en/mtgo/decklist/pioneer-challenge-2023-01-1412509957#deck_DaddyJinzo420 
 https://www.mtgo.com/en/mtgo/decklist/pioneer-challenge-2023-01-1412509957#deck_Breckoroni 
 https://www.mtgo.com/en/mtgo/decklist/pioneer-challenge-2023-01-1512509962#deck_The_Great_Slob 
 https://www.mtgo.com/en/mtgo/decklist/pioneer-challenge-2023-01-1512509962#deck_ls149950 
 https://www.mtgo.com/en/mtgo/decklist/pioneer-challenge-2023-01-1512509962#deck_KillerSheep 
 https://www.mtgo.com/en/mtgo/decklist/pioneer-challenge-2023-01-1512509962#deck_Dritte 
 https://www.mtgo.com/en/mtgo/decklist/pioneer-challenge-2023-01-1512509962#deck__GGN_ 
 https://www.mtgo.com/en/mtgo/decklist/pioneer-challenge-2023-01-2112512384#deck_Breckoroni 
 https://www.mtgo.com/en/mtgo/decklist/pioneer-challenge-2023-01-2112512384#deck_jwf239 
 https://www.mtgo.com/en/mtgo/decklist/pioneer-challenge-2023-01-2112512384#deck_azax 
 https://www.mtgo.com/en/mtgo/decklist/pioneer-challenge-2023-01-2212512389#deck_ls149950 
 https://www.mtgo.com/en/mtgo/decklist/pioneer-challenge-2023-01-2212512389#deck_The_Great_Slob 
 https://www.mtgo.com/en/mtgo/decklist/pioneer-challenge-2023-01-2812515843#deck_Chub_Toad_ 
 https://www.mtgo.com/en/mtgo/decklist/pioneer-challenge-2023-01-2812515843#deck_ls149950 
 https://www.mtgo.com/en/mtgo/decklist/pioneer-challenge-2023-01-2812515843#deck_DillanR 
 https://www.mtgo.com/en/mtgo/decklist/pioneer-challenge-2023-01-2812515843#deck__Batutinha_ 
 https://www.mtgo.com/en/mtgo/decklist/pioneer-challenge-2023-01-2812515843#deck_IslandGoSAMe 
 https://www.mtgo.com/en/mtgo/decklist/pioneer-challenge-2023-01-2812515843#deck_Brunninho 
 https://www.mtgo.com/en/mtgo/decklist/pioneer-challenge-2023-01-2912515848#deck_Do0mSwitch 
 https://www.mtgo.com/en/mtgo/decklist/pioneer-challenge-2023-01-2912515848#deck_rastaf 
 https://www.mtgo.com/en/mtgo/decklist/pioneer-challenge-2023-01-2912515848#deck_Sanchez5272 
 https://www.mtgo.com/en/mtgo/decklist/pioneer-challenge-2023-02-0412517112#deck_Arianne 
 https://www.mtgo.com/en/mtgo/decklist/pioneer-challenge-2023-02-0412517112#deck_Brunninho 
 https://www.mtgo.com/en/mtgo/decklist/pioneer-challenge-2023-02-0412517112#deck_VictorCarvalho01 
 https://www.mtgo.com/en/mtgo/decklist/pioneer-challenge-2023-02-0412517112#deck_kthanakit26 
 https://www.mtgo.com/en/mtgo/decklist/pioneer-challenge-2023-02-0512517118#deck_Arianne 
 https://www.mtgo.com/en/mtgo/decklist/pioneer-challenge-2023-02-0512517118#deck_The_Great_Slob 
 https://www.mtgo.com/en/mtgo/decklist/pioneer-challenge-2023-02-0512517118#deck_quinniac 
 https://www.mtgo.com/en/mtgo/decklist/pioneer-challenge-2023-02-0512517118#deck_Dai66s 
 https://www.mtgo.com/en/mtgo/decklist/pioneer-challenge-2023-02-0512517118#deck_TomBombadi1 
 https://www.mtgo.com/en/mtgo/decklist/pioneer-challenge-2023-02-0512517118#deck_JackSparr0w 
 https://www.mtgo.com/en/mtgo/decklist/pioneer-preliminary-2023-01-0912508256#deck_Slasher21 
 https://www.mtgo.com/en/mtgo/decklist/pioneer-preliminary-2023-01-0912508256#deck_TuesdayTheThird 
 https://www.mtgo.com/en/mtgo/decklist/pioneer-preliminary-2023-01-1012508259#deck_darg24 
 https://www.mtgo.com/en/mtgo/decklist/pioneer-preliminary-2023-01-1012508262#deck_azax 
 https://www.mtgo.com/en/mtgo/decklist/pioneer-preliminary-2023-01-1012508262#deck_darg24 
 https://www.mtgo.com/en/mtgo/decklist/pioneer-preliminary-2023-01-1112509928#deck_Promidnightz 
 https://www.mtgo.com/en/mtgo/decklist/pioneer-preliminary-2023-01-1112509928#deck_azax 
 https://www.mtgo.com/en/mtgo/decklist/pioneer-preliminary-2023-01-1212509933#deck_ls149950 
 https://www.mtgo.com/en/mtgo/decklist/pioneer-preliminary-2023-01-1312509947#deck_azax 
 https://www.mtgo.com/en/mtgo/decklist/pioneer-preliminary-2023-01-1612509974#deck_PapiGoHard 
 https://www.mtgo.com/en/mtgo/decklist/pioneer-preliminary-2023-01-1712509977#deck_kokoko098 
 https://www.mtgo.com/en/mtgo/decklist/pioneer-preliminary-2023-01-1712509977#deck_ls149950 
 https://www.mtgo.com/en/mtgo/decklist/pioneer-preliminary-2023-01-1712509977#deck_haruhilmi24 
 https://www.mtgo.com/en/mtgo/decklist/pioneer-preliminary-2023-01-1812512354#deck_darg24 
 https://www.mtgo.com/en/mtgo/decklist/pioneer-preliminary-2023-01-2012512373#deck_JV_7777 
 https://www.mtgo.com/en/mtgo/decklist/pioneer-preliminary-2023-01-2312512402#deck_azax 
 https://www.mtgo.com/en/mtgo/decklist/pioneer-preliminary-2023-01-2312512402#deck_kokoko098 
 https://www.mtgo.com/en/mtgo/decklist/pioneer-preliminary-2023-01-2312512402#deck_Ryan_39 
 https://www.mtgo.com/en/mtgo/decklist/pioneer-preliminary-2023-01-2412512405#deck_darg24 
 https://www.mtgo.com/en/mtgo/decklist/pioneer-preliminary-2023-01-2412512405#deck_JV_7777 
 https://www.mtgo.com/en/mtgo/decklist/pioneer-preliminary-2023-01-2412512408#deck_McWinSauce 
 https://www.mtgo.com/en/mtgo/decklist/pioneer-preliminary-2023-01-2512512414#deck_azax 
 https://www.mtgo.com/en/mtgo/decklist/pioneer-preliminary-2023-01-2612512419#deck_JV_7777 
 https://www.mtgo.com/en/mtgo/decklist/pioneer-preliminary-2023-01-2712515806#deck_JV_7777 
 https://www.mtgo.com/en/mtgo/decklist/pioneer-preliminary-2023-01-3112515824#deck_Promidnightz 
 https://www.mtgo.com/en/mtgo/decklist/pioneer-preliminary-2023-01-3112515824#deck_MtGdAd2014 
 https://www.mtgo.com/en/mtgo/decklist/pioneer-preliminary-2023-02-0112517081#deck_TombSimon 
 https://www.mtgo.com/en/mtgo/decklist/pioneer-preliminary-2023-02-0212517087#deck_JV_7777 
 https://www.mtgo.com/en/mtgo/decklist/pioneer-preliminary-2023-02-0312517101#deck_McWinSauce 
 https://www.mtgo.com/en/mtgo/decklist/pioneer-preliminary-2023-02-0312517101#deck_darg24 
","Irina Nordsol","",2,"Artifact","BRO",1,13.5,1.1
"Tocasia's Welcome",9,5,22,32,68.8,50,83.9," 1 Azorius Soldiers 
 2 Azorius Spirits 
 2 Bant Spirits 
"," https://www.mtgo.com/en/mtgo/decklist/pioneer-challenge-2023-01-2812515843#deck_ThaisM 
 https://www.mtgo.com/en/mtgo/decklist/pioneer-challenge-2023-01-2912515848#deck_ThaisM 
 https://www.mtgo.com/en/mtgo/decklist/pioneer-challenge-2023-02-0412517112#deck_remf 
 https://www.mtgo.com/en/mtgo/decklist/pioneer-challenge-2023-02-0512517118#deck_remf 
 https://www.mtgo.com/en/mtgo/decklist/pioneer-preliminary-2023-01-1112509928#deck_Hollhis 
","Johan Grenier","W",3,"Enchantment","BRO",0.1,1.1,1.8
"Woodcaller Automaton",31,31,130,183,71,63.9,77.5," 31 Devotion Walkers 
"," https://www.mtgo.com/en/mtgo/decklist/pioneer-challenge-2023-01-1412509957#deck_Aelyck 
 https://www.mtgo.com/en/mtgo/decklist/pioneer-challenge-2023-01-1412509957#deck_DaddyJinzo420 
 https://www.mtgo.com/en/mtgo/decklist/pioneer-challenge-2023-01-1412509957#deck_Breckoroni 
 https://www.mtgo.com/en/mtgo/decklist/pioneer-challenge-2023-01-1512509962#deck_The_Great_Slob 
 https://www.mtgo.com/en/mtgo/decklist/pioneer-challenge-2023-01-1512509962#deck_Dritte 
 https://www.mtgo.com/en/mtgo/decklist/pioneer-challenge-2023-01-2112512384#deck_Breckoroni 
 https://www.mtgo.com/en/mtgo/decklist/pioneer-challenge-2023-01-2112512384#deck_azax 
 https://www.mtgo.com/en/mtgo/decklist/pioneer-challenge-2023-01-2812515843#deck_Chub_Toad_ 
 https://www.mtgo.com/en/mtgo/decklist/pioneer-challenge-2023-01-2812515843#deck__Batutinha_ 
 https://www.mtgo.com/en/mtgo/decklist/pioneer-challenge-2023-01-2812515843#deck_IslandGoSAMe 
 https://www.mtgo.com/en/mtgo/decklist/pioneer-challenge-2023-01-2812515843#deck_Brunninho 
 https://www.mtgo.com/en/mtgo/decklist/pioneer-challenge-2023-01-2912515848#deck_Do0mSwitch 
 https://www.mtgo.com/en/mtgo/decklist/pioneer-challenge-2023-02-0412517112#deck_Arianne 
 https://www.mtgo.com/en/mtgo/decklist/pioneer-challenge-2023-02-0412517112#deck_Brunninho 
 https://www.mtgo.com/en/mtgo/decklist/pioneer-challenge-2023-02-0412517112#deck_VictorCarvalho01 
 https://www.mtgo.com/en/mtgo/decklist/pioneer-challenge-2023-02-0512517118#deck_Arianne 
 https://www.mtgo.com/en/mtgo/decklist/pioneer-challenge-2023-02-0512517118#deck_JackSparr0w 
 https://www.mtgo.com/en/mtgo/decklist/pioneer-preliminary-2023-01-0912508256#deck_Slasher21 
 https://www.mtgo.com/en/mtgo/decklist/pioneer-preliminary-2023-01-0912508256#deck_TuesdayTheThird 
 https://www.mtgo.com/en/mtgo/decklist/pioneer-preliminary-2023-01-1012508262#deck_azax 
 https://www.mtgo.com/en/mtgo/decklist/pioneer-preliminary-2023-01-1112509928#deck_Promidnightz 
 https://www.mtgo.com/en/mtgo/decklist/pioneer-preliminary-2023-01-1112509928#deck_azax 
 https://www.mtgo.com/en/mtgo/decklist/pioneer-preliminary-2023-01-1312509947#deck_azax 
 https://www.mtgo.com/en/mtgo/decklist/pioneer-preliminary-2023-01-1612509974#deck_PapiGoHard 
 https://www.mtgo.com/en/mtgo/decklist/pioneer-preliminary-2023-01-1712509977#deck_kokoko098 
 https://www.mtgo.com/en/mtgo/decklist/pioneer-preliminary-2023-01-2312512402#deck_azax 
 https://www.mtgo.com/en/mtgo/decklist/pioneer-preliminary-2023-01-2312512402#deck_kokoko098 
 https://www.mtgo.com/en/mtgo/decklist/pioneer-preliminary-2023-01-2412512408#deck_McWinSauce 
 https://www.mtgo.com/en/mtgo/decklist/pioneer-preliminary-2023-01-2512512414#deck_azax 
 https://www.mtgo.com/en/mtgo/decklist/pioneer-preliminary-2023-01-3112515824#deck_Promidnightz 
 https://www.mtgo.com/en/mtgo/decklist/pioneer-preliminary-2023-02-0312517101#deck_McWinSauce 
","Ryan Pancoast","",10,"Artifact,Creature","BRO",0.4,6.6,1
